,city,country,lat,lng,rank,country code,genre,top_genres,scale_rank,market_importance
1577,philadelphia pennsylvania,united states,40.0076,-75.134,42,US,"hiphop, hardcore hiphop, southern hiphop",21,0.983498249,20.65346323
157,barking,united kingdom,51.55,0.1667,233,GB,"uk alternative hiphop, manchester hiphop, uk hiphop",21,0.909042963,19.08990222
671,fort lauderdale florida,united states,26.1412,-80.1464,352,US,"southern hiphop, atl hiphop, hiphop, underground hiphop",21,0.863158451,18.12632748
2261,wolverhampton,united kingdom,52.5833,-2.1333,575,GB,"uk alternative hiphop, uk hiphop, manchester hiphop",21,0.778270263,16.34367552
1970,sydney new south wales,australia,-31.445,152.9187,39,AU,"australian underground hiphop, australian hiphop",16,0.984675426,15.75480681
791,hackney,united kingdom,51.55,-0.05,195,GB,"uk hiphop, uk alternative hiphop",17,0.923777814,15.70422284
491,coventry,united kingdom,52.4204,-1.5,200,GB,"uk hiphop, uk alternative hiphop, manchester hiphop",17,0.921836765,15.671225
1127,leicester,united kingdom,52.63,-1.1332,333,GB,"uk alternative hiphop, uk hiphop, manchester hiphop",18,0.870457875,15.66824176
842,hendon,united kingdom,51.6,-0.2167,212,GB,"uk hiphop, uk alternative hiphop",17,0.917181027,15.59207745
2235,wembley,united kingdom,51.55,-0.2833,432,GB,"uk hiphop, uk alternative hiphop, manchester hiphop",18,0.832537421,14.98567358
1603,pontypool,united kingdom,51.0167,-1.3167,163,GB,"uk hiphop, uk alternative hiphop",16,0.936216592,14.97946547
1178,london,united kingdom,51.5,-0.1167,9,GB,"uk alternative hiphop, uk hiphop",15,0.996460062,14.94690093
2052,toronto,canada,43.7,-79.42,16,CA,"underground hiphop, hiphop, canadian hiphop",15,0.993708225,14.90562338
760,greenwich,united kingdom,51.4667,0.2,327,GB,"uk hiphop, uk alternative hiphop",17,0.872765082,14.83700639
17,adelaide south australia,australia,-30.8996,135.3,104,AU,"australian hiphop, australian underground hiphop",15,0.95922278,14.38834169
1465,oakville,canada,48.4462,-89.275,657,CA,"southern hiphop, canadian hiphop, underground hiphop",19,0.747431559,14.20119962
2265,worcester massachusetts,united states,42.2705,-71.8079,427,US,"underground hiphop, southern hiphop, hiphop",17,0.834445816,14.18557887
1912,southall,united kingdom,51.0167,-1.3167,149,GB,"uk alternative hiphop, uk hiphop",15,0.941667252,14.12500878
700,garland texas,united states,29.4128,-94.9658,958,US,"atl hiphop, underground hiphop, southern hiphop, hiphop",22,0.636083616,13.99383954
112,atlanta georgia,united states,33.1136,-94.1672,12,US,"hiphop, atl hiphop, southern hiphop",14,0.995280548,13.93392767
1313,milton keynes,united kingdom,52.0333,-0.7,484,GB,"uk hiphop, uk alternative hiphop",17,0.812733526,13.81646994
500,croydon,united kingdom,51.3833,-0.1,362,GB,"uk hiphop, uk alternative hiphop",16,0.859320772,13.74913236
1009,katy texas,united states,29.4128,-94.9658,499,US,"underground hiphop, hiphop, southern hiphop",17,0.807035694,13.71960679
1303,miami florida,united states,25.784,-80.2102,54,US,"miami hiphop, southern hiphop",14,0.978791893,13.7030865
1567,perth western australia,australia,-29.2828,114.9166,57,AU,"australian hiphop, australian underground hiphop, west australian hiphop",14,0.977615892,13.68662249
2254,winter garden florida,united states,28.5421,-81.5966,507,US,"hiphop, southern hiphop, atl hiphop",17,0.803999586,13.66799296
1114,lawrenceville georgia,united states,38.7263,-87.6874,835,US,"hiphop, atl hiphop, southern hiphop, underground hiphop",20,0.681222007,13.62444014
465,columbia maryland,united states,38.776,-76.0702,247,US,"hiphop, southern hiphop",15,0.903624318,13.55436477
1999,tampa florida,united states,25.4418,-80.4685,93,US,"southern hiphop, atl hiphop, hiphop",14,0.963522326,13.48931256
1441,northampton,united kingdom,52.25,-0.8833,542,GB,"uk alternative hiphop, uk hiphop",17,0.790739132,13.44256524
917,indianapolis indiana,united states,40.6219,-79.1552,105,US,"hiphop, southern hiphop",14,0.958832071,13.42364899
525,dearborn michigan,united states,42.3127,-83.2129,570,US,"hiphop, southern hiphop",17,0.78015736,13.26267511
1692,richmond hill,canada,31.9203,-81.3124,697,CA,"southern hiphop, canadian hiphop, underground hiphop, hiphop",18,0.732464373,13.18435871
877,hopkinton massachusetts,united states,42.3494,-71.5468,609,US,"underground hiphop, southern hiphop, hiphop",17,0.765458285,13.01279085
282,brighton,united kingdom,50.8303,-0.17,349,GB,"uk alternative hiphop, uk hiphop",15,0.864310311,12.96465466
1670,reading,united kingdom,51.47,-0.98,383,GB,"uk hiphop, uk alternative hiphop",15,0.851270947,12.7690642
1935,staten island new york,united states,40.6943,-73.9249,654,US,"southern hiphop, hiphop, underground hiphop",17,0.748556127,12.72545415
1318,mississauga,canada,48.4462,-89.275,234,CA,"underground hiphop, canadian hiphop",14,0.908655738,12.72118033
1111,laval,canada,48.4462,-89.275,396,CA,"hiphop quebecois, canadian hiphop",15,0.846294065,12.69441097
1599,pompano beach florida,united states,26.2428,-80.1312,659,US,"southern hiphop, hiphop, underground hiphop, atl hiphop",17,0.746682004,12.69359406
1288,memphis tennessee,united states,35.1047,-89.9773,260,US,"memphis hiphop, southern hiphop",14,0.898597564,12.58036589
1969,swindon,united kingdom,51.5167,-1.7833,682,GB,"uk hiphop, uk alternative hiphop",17,0.738071151,12.54720957
1559,pawtucket rhode island,united states,41.89,-71.3933,289,US,"hiphop, southern hiphop",14,0.887400933,12.42361306
528,decatur georgia,united states,33.2277,-97.5898,910,US,"southern hiphop, hiphop, atl hiphop, underground hiphop",19,0.65363714,12.41910565
912,ilford,united kingdom,51.5597,0.0708,703,GB,"uk alternative hiphop, uk hiphop",17,0.73022366,12.41380222
1891,slough,united kingdom,51.5,-0.5833,705,GB,"uk alternative hiphop, uk hiphop",17,0.72947701,12.40110917
285,bristol,united kingdom,51.45,-2.5833,132,GB,"uk alternative hiphop, uk hiphop",13,0.948292985,12.3278088
2221,warren michigan,united states,41.8433,-79.1445,314,US,"hiphop, southern hiphop",14,0.877767516,12.28874522
592,east orange new jersey,united states,40.7651,-74.2117,726,US,"southern hiphop, hiphop, underground hiphop",17,0.721644891,12.26796315
1921,spring texas,united states,30.7478,-98.2392,474,US,"underground hiphop, southern hiphop",15,0.816535786,12.24803679
1312,milton,canada,47.2522,-122.3154,1269,CA,"southern hiphop, underground hiphop, canadian hiphop, hiphop",23,0.524368864,12.06048387
1917,spartanburg south carolina,united states,35.1124,-81.2202,763,US,"atl hiphop, southern hiphop, hiphop",17,0.707879915,12.03395856
640,everett massachusetts,united states,47.9524,-122.167,536,US,"underground hiphop, southern hiphop, hiphop",15,0.793009739,11.89514608
1210,luton,united kingdom,51.8804,-0.42,996,GB,"uk hiphop, manchester hiphop, uk alternative hiphop",19,0.622244003,11.82263606
2248,wilmington delaware,united states,39.7415,-75.5413,805,US,"southern hiphop, underground hiphop, hiphop",17,0.692308729,11.76924839
932,islington,united kingdom,51.5333,-0.1,442,GB,"uk hiphop, uk alternative hiphop",14,0.828722819,11.60211946
222,birmingham,united kingdom,52.475,-1.92,101,GB,"manchester hiphop, uk hiphop",12,0.960395065,11.52474078
2034,thornhill,canada,48.4462,-89.275,1045,CA,"southern hiphop, canadian hiphop, underground hiphop",19,0.604473749,11.48500123
962,jersey city new jersey,united states,40.7161,-74.0682,328,US,"hiphop, southern hiphop",13,0.872380477,11.3409462
1605,poplar,united kingdom,51.5,-0.0167,878,GB,"uk hiphop, uk alternative hiphop",17,0.665383425,11.31151822
2229,watford,united kingdom,47.8031,-103.2687,881,GB,"uk alternative hiphop, uk hiphop",17,0.664280731,11.29277243
2253,winston-salem north carolina,united states,36.1029,-80.261,772,US,"southern hiphop, underground hiphop, hiphop",16,0.70453838,11.27261408
1878,silver spring maryland,united states,38.7188,-90.4749,176,US,"hiphop, southern hiphop",12,0.931159995,11.17391994
257,bournemouth,united kingdom,50.73,-1.9,675,GB,"uk alternative hiphop, uk hiphop",15,0.740690082,11.11035123
1496,orlando florida,united states,25.4418,-80.4685,67,US,"southern hiphop, hiphop",11,0.973697594,10.71067353
951,jacksonville florida,united states,30.3322,-81.6749,285,US,"hiphop, southern hiphop",12,0.888943903,10.66732684
1267,marietta georgia,united states,33.9532,-84.5421,472,US,"hiphop, southern hiphop",13,0.817296593,10.62485571
2262,woodbridge,canada,48.4462,-89.275,1250,CA,"canadian hiphop, southern hiphop, hiphop, underground hiphop",20,0.531088869,10.62177737
2219,walthamstow,united kingdom,51.6,-0.0333,997,GB,"uk hiphop, uk alternative hiphop",17,0.62188049,10.57196833
178,bedford,united kingdom,52.1333,-0.45,1002,GB,"uk hiphop, uk alternative hiphop",17,0.620063455,10.54107873
1322,mobile alabama,united states,30.6783,-88.1162,1187,US,"underground hiphop, southern hiphop, hiphop, atl hiphop",19,0.553471954,10.51596712
654,fayetteville north carolina,united states,35.289,-81.5416,905,US,"hiphop, underground hiphop, southern hiphop",16,0.655470195,10.48752312
83,antioch tennessee,united states,37.9789,-121.7957,346,US,"southern hiphop, hiphop",12,0.865462426,10.38554911
823,hayes,united kingdom,-25.09,-57.53,1031,GB,"uk alternative hiphop, uk hiphop",17,0.609542196,10.36221734
695,fuquay-varina north carolina,united states,35.596,-78.7802,933,US,"southern hiphop, hiphop",16,0.64521614,10.32345823
1573,peterborough,united kingdom,52.5804,-0.25,836,GB,"uk hiphop, uk alternative hiphop",15,0.680852964,10.21279446
344,camberwell,united kingdom,51.4736,-0.0916,968,GB,"uk hiphop, uk alternative hiphop",16,0.632436699,10.11898718
1403,newark new jersey,united states,39.3167,-74.6066,209,US,"hiphop, southern hiphop",11,0.918344593,10.10179052
638,etobicoke,canada,48.4462,-89.275,893,CA,"canadian hiphop, southern hiphop, hiphop",15,0.659873012,9.898095187
1342,montreal,canada,45.5,-73.5833,26,CA,hiphop quebecois,10,0.989779232,9.897792319
1258,maple,canada,41.4094,-81.5625,1421,CA,"hiphop, underground hiphop, canadian hiphop, southern hiphop",21,0.471135136,9.893837856
284,brisbane queensland,australia,-27.455,153.0351,34,AU,"australian hiphop, australian underground hiphop",10,0.986637907,9.866379075
920,inkster michigan,united states,41.7098,-86.8705,782,US,"southern hiphop, hiphop",14,0.700828659,9.811601224
1033,kissimmee florida,united states,25.4418,-80.4685,785,US,"underground hiphop, latin hiphop, southern hiphop",14,0.69971638,9.796029315
814,harrow,united kingdom,51.5833,-0.3167,1133,GB,"uk alternative hiphop, uk hiphop",17,0.572778527,9.737234959
287,bromley,united kingdom,51.4,0.05,1151,GB,"uk alternative hiphop, uk hiphop",17,0.56633076,9.627622913
840,hemel hempstead,united kingdom,30.0995,-96.0782,947,GB,"uk alternative hiphop, uk hiphop",15,0.640099252,9.601488787
1247,manchester,united kingdom,53.5004,-2.248,138,GB,uk hiphop,10,0.945953607,9.45953607
308,burlington,canada,48.4677,-122.3298,712,CA,"canadian hiphop, underground hiphop",13,0.726864739,9.449241601
1995,tallahassee florida,united states,25.4418,-80.4685,716,US,"underground hiphop, southern hiphop",13,0.725372714,9.429845281
1923,st albans,united kingdom,53.45,-2.7333,1189,GB,"uk alternative hiphop, uk hiphop",17,0.552759023,9.396903391
524,dearborn heights michigan,united states,42.3164,-83.2769,732,US,"southern hiphop, hiphop",13,0.719409736,9.352326563
1510,ottawa,canada,45.4167,-75.7,173,CA,canadian hiphop,10,0.932326497,9.323264967
2218,walsall,united kingdom,52.6,-2,1120,GB,"uk alternative hiphop, uk hiphop",16,0.577442791,9.239084651
1747,ryde new south wales,australia,-31.445,152.9187,420,AU,"australian hiphop, australian underground hiphop",11,0.837118791,9.208306706
1407,newport news virginia,united states,37.1051,-76.5185,440,US,"latin hiphop, southern hiphop",11,0.829485506,9.124340562
1181,longueuil,canada,48.4462,-89.275,1148,CA,"hiphop quebecois, french hiphop",16,0.567404542,9.078472671
867,hollywood florida,united states,26.0293,-80.1678,462,US,"latin hiphop, southern hiphop",11,0.821102396,9.032126351
1401,new orleans louisiana,united states,30.0687,-89.9288,251,US,southern hiphop,10,0.902077127,9.020771268
693,fullerton california,united states,40.0692,-79.9152,648,US,"southern hiphop, hiphop",12,0.750806107,9.009673284
1725,romford,united kingdom,51.5833,0.2,1071,GB,"uk hiphop, uk alternative hiphop",15,0.595079714,8.926195714
184,belleville michigan,united states,38.5165,-89.9899,492,US,"southern hiphop, hiphop",11,0.809693851,8.906632357
540,derby,united kingdom,52.9333,-1.5,674,GB,"uk alternative hiphop, uk hiphop",12,0.741064341,8.892772097
801,hamilton,canada,43.25,-79.83,295,CA,canadian hiphop,10,0.885087315,8.850873152
494,crawley,united kingdom,51.0167,-1.3167,1191,GB,"uk alternative hiphop, uk hiphop",16,0.552046245,8.832739927
408,charlotte north carolina,united states,35.289,-81.5416,49,US,southern hiphop,9,0.980752417,8.826771757
1337,montebello california,united states,40.0692,-79.9152,691,US,"hiphop, southern hiphop",12,0.734706229,8.816474747
1177,london,canada,42.97,-81.25,309,CA,canadian hiphop,10,0.879692796,8.79692796
1579,phoenix arizona,united states,33.5722,-112.0891,68,US,"latin hiphop, hiphop",9,0.973305908,8.759753175
513,dagenham,united kingdom,51.55,0.1667,1295,GB,"uk alternative hiphop, uk hiphop",17,0.515196303,8.758337148
2258,woking,united kingdom,51.0167,-1.3167,1106,GB,"uk hiphop, uk alternative hiphop",15,0.582472875,8.737093122
1432,norcross georgia,united states,33.9378,-84.2065,331,US,southern hiphop,10,0.871226831,8.712268311
1017,kensington,united kingdom,51.5047,-0.1998,865,GB,"uk alternative hiphop, uk hiphop",13,0.670165277,8.712148605
1913,southampton,united kingdom,50.9,-1.4,334,GB,uk hiphop,10,0.87007344,8.7007344
1574,petersham new south wales,australia,-31.445,152.9187,543,AU,"australian underground hiphop, australian hiphop",11,0.790360803,8.693968828
1444,nottingham,united kingdom,52.9703,-1.17,95,GB,uk hiphop,9,0.962740352,8.664663167
852,hialeah florida,united states,25.4418,-80.4685,348,US,"southern hiphop, latin hiphop",10,0.86469432,8.646943204
1035,kitchener,canada,43.45,-80.5,357,CA,canadian hiphop,10,0.861239256,8.612392555
466,columbia south carolina,united states,35.1124,-81.2202,365,US,southern hiphop,10,0.858170025,8.581700247
42,alexandria new south wales,australia,-31.445,152.9187,580,AU,"australian hiphop, australian underground hiphop",11,0.776383928,8.540223213
617,enfield town,united kingdom,51.6667,-0.0667,1334,GB,"uk hiphop, uk alternative hiphop",17,0.501488448,8.52530361
1340,montgomery alabama,united states,41.1709,-76.874,1248,US,"hiphop, underground hiphop, southern hiphop",16,0.531797066,8.508753052
1847,scarborough,canada,54.2804,-0.43,402,CA,canadian hiphop,10,0.843998684,8.439986845
95,arlington texas,united states,48.1697,-122.1446,165,US,southern hiphop,9,0.935438357,8.418945211
1518,oxford,united kingdom,51.7704,-1.25,408,GB,uk hiphop,10,0.841704344,8.417043443
348,cambridge,united kingdom,52.2004,0.1166,419,GB,uk hiphop,10,0.837500761,8.375007613
1443,norwich,united kingdom,52.6304,1.3,431,GB,uk hiphop,10,0.832919042,8.329190419
2237,west palm beach florida,united states,26.7467,-80.1314,802,US,"southern hiphop, latin hiphop",12,0.693419038,8.321028454
1945,stoke-on-trent,united kingdom,53.0004,-2.18,453,GB,uk hiphop,10,0.824530134,8.245301339
364,cardiff,united kingdom,51.5,-3.225,459,GB,uk hiphop,10,0.822244711,8.222447105
758,greensboro north carolina,united states,35.289,-81.5416,658,US,"hiphop, southern hiphop",11,0.747056766,8.217624421
1256,mansfield texas,united states,32.569,-97.1211,466,US,southern hiphop,10,0.819579721,8.195797209
1120,leeds,united kingdom,53.83,-1.58,230,GB,uk hiphop,9,0.910204803,8.191843225
600,eight mile plains queensland,australia,41.022,-73.7548,672,AU,"australian underground hiphop, australian hiphop",11,0.741812954,8.159942497
881,hounslow,united kingdom,51.4667,-0.35,1398,GB,"uk alternative hiphop, uk hiphop",17,0.479128764,8.145188994
2058,tottenham,united kingdom,51.0167,-1.3167,1404,GB,"uk alternative hiphop, uk hiphop",17,0.477041311,8.109702286
28,ajax,canada,48.4462,-89.275,1227,CA,"canadian hiphop, southern hiphop, underground hiphop",15,0.539242601,8.088639022
822,hawthorn victoria,australia,42.2313,-88.0623,495,AU,"australian hiphop, australian underground hiphop",10,0.808554462,8.085544621
1544,parramatta new south wales,australia,-31.445,152.9187,706,AU,"australian hiphop, australian underground hiphop",11,0.729103733,8.020141059
2263,woodbridge virginia,united states,47.5172,-92.5121,1011,US,"underground hiphop, hiphop, southern hiphop",13,0.616795027,8.018335355
223,birmingham alabama,united states,33.5276,-86.7988,283,US,southern hiphop,9,0.889715556,8.00744
422,chicago illinois,united states,41.8373,-87.6861,4,US,southern hiphop,8,0.998426436,7.987411488
1128,leichhardt new south wales,australia,-31.445,152.9187,718,AU,"australian underground hiphop, australian hiphop",11,0.724626893,7.970895826
1867,sheffield,united kingdom,53.3667,-1.5,302,GB,uk hiphop,9,0.882389368,7.941504316
1274,marrickville new south wales,australia,-31.445,152.9187,744,AU,"australian hiphop, australian underground hiphop",11,0.714942898,7.864371877
571,drummoyne new south wales,australia,-31.445,152.9187,745,AU,"australian underground hiphop, australian hiphop",11,0.714570871,7.86027958
2241,whittier california,united states,40.0692,-79.9152,749,US,"hiphop, southern hiphop",11,0.713083086,7.843913944
172,baton rouge louisiana,united states,30.4423,-91.1314,561,US,southern hiphop,10,0.783556051,7.835560509
1716,rochdale,united kingdom,53.6167,-2.15,1181,GB,"manchester hiphop, uk hiphop, uk alternative hiphop",14,0.555611664,7.778563298
163,barrie,canada,44.3838,-79.7,579,CA,canadian hiphop,10,0.776761134,7.767611343
1095,lancaster california,united states,32.5922,-96.7737,1068,US,"southern hiphop, hiphop, underground hiphop",13,0.596162388,7.750111046
1464,oakland california,united states,41.0313,-74.2408,100,US,"bay area hiphop, southern hiphop",8,0.96078588,7.686287041
2276,yeronga queensland,australia,-16.8878,145.7633,793,AU,"australian underground hiphop, australian hiphop",11,0.696751743,7.66426917
1142,leyton,united kingdom,51.0167,-1.3167,1483,GB,"uk alternative hiphop, uk hiphop",17,0.449700105,7.644901778
262,bradford,united kingdom,53.8,-1.75,617,GB,uk hiphop,10,0.762448867,7.624488672
1961,sunnybank queensland,australia,-16.8878,145.7633,810,AU,"australian hiphop, australian underground hiphop",11,0.690458873,7.595047598
1942,stockport,united kingdom,53.4,-2.15,632,GB,uk hiphop,10,0.756811545,7.568115452
173,baulkham hills new south wales,australia,-31.445,152.9187,636,AU,"australian underground hiphop, australian hiphop",10,0.755309438,7.553094384
1270,markham,canada,41.6,-87.6905,645,CA,canadian hiphop,10,0.751931519,7.519315189
1024,kettering,united kingdom,39.6957,-84.1496,1646,GB,"uk hiphop, uk alternative hiphop, manchester hiphop",19,0.394167418,7.489180936
759,greenslopes queensland,australia,-16.8878,145.7633,852,AU,"australian hiphop, australian underground hiphop",11,0.674952824,7.424481059
1494,orange new jersey,united states,39.3167,-74.6066,677,US,"southern hiphop, hiphop",10,0.739941658,7.399416585
925,ipswich,united kingdom,52.0703,1.17,688,GB,uk hiphop,10,0.735827585,7.358275848
456,colchester,united kingdom,51.0167,-1.3167,689,GB,uk hiphop,10,0.735453768,7.354537679
1493,orange california,united states,38.2486,-78.1127,486,US,"hiphop, southern hiphop",9,0.811973429,7.307760864
722,gillingham,united kingdom,51.0167,-1.3167,1166,GB,"uk hiphop, uk alternative hiphop",13,0.560966945,7.292570281
1482,oldham,united kingdom,53.55,-2.1167,1168,GB,"uk hiphop, manchester hiphop",13,0.560252413,7.283281369
2025,terrebonne,canada,48.4462,-89.275,1468,CA,"french hiphop, hiphop quebecois",16,0.454870705,7.277931278
309,burnaby,canada,48.4462,-89.275,496,CA,canadian hiphop,9,0.808174725,7.273572528
471,concord new south wales,australia,-31.445,152.9187,903,AU,"australian underground hiphop, australian hiphop",11,0.656203657,7.218240223
242,bolton,united kingdom,53.5833,-2.4333,728,GB,uk hiphop,10,0.720899711,7.208997107
1626,preston,united kingdom,53.7667,-2.7167,730,GB,uk hiphop,10,0.720154659,7.20154659
1966,sutton coldfield,united kingdom,51.35,-0.2,1631,GB,"manchester hiphop, uk alternative hiphop, uk hiphop",18,0.39922623,7.186072135
1947,stourbridge,united kingdom,51.0167,-1.3167,1805,GB,"uk hiphop, uk alternative hiphop, manchester hiphop",21,0.341227021,7.165767438
692,fulham,united kingdom,51.5,-0.2333,917,GB,"uk alternative hiphop, uk hiphop",11,0.651072301,7.161795312
1030,kingston upon thames,united kingdom,51.4167,-0.2833,1567,GB,"uk alternative hiphop, uk hiphop",17,0.420929704,7.155804969
413,chelmsford,united kingdom,51.7333,0.4833,925,GB,"uk alternative hiphop, uk hiphop",11,0.648143118,7.129574298
360,canterbury,united kingdom,-43.8983,171.7486,1496,GB,"uk alternative hiphop, uk hiphop",16,0.445226915,7.123630633
114,auburn new south wales,australia,-31.445,152.9187,928,AU,"australian underground hiphop, australian hiphop",11,0.647045242,7.117497666
2236,west end queensland,australia,43.4184,-88.1822,757,AU,"australian hiphop, australian underground hiphop",10,0.710109068,7.101090678
2049,toorak victoria,australia,-38.0996,145.2834,942,AU,"australian underground hiphop, australian hiphop",11,0.641925932,7.061185257
1595,plymouth,united kingdom,50.3854,-4.16,559,GB,uk hiphop,9,0.78431165,7.058804848
343,camberley,united kingdom,51.0167,-1.3167,1589,GB,"uk hiphop, manchester hiphop",17,0.413447578,7.028608822
2063,townsville queensland,australia,-19.25,146.77,954,AU,"australian underground hiphop, australian hiphop",11,0.63754336,7.012976957
168,basingstoke,united kingdom,51.0167,-1.3167,955,GB,"uk hiphop, uk alternative hiphop",11,0.637178371,7.008962086
230,blainville,canada,48.4462,-89.275,1433,CA,"french hiphop, hiphop quebecois",15,0.466973479,7.004602192
1018,kensington and norwood south australia,australia,-30.8996,135.3,959,AU,"australian hiphop, australian underground hiphop",11,0.635718767,6.992906433
515,dallas texas,united states,32.7937,-96.7662,6,US,southern hiphop,7,0.997639809,6.983478662
2145,vaudreuil-dorion,canada,48.4462,-89.275,1347,CA,"canadian hiphop, hiphop quebecois",14,0.496932923,6.957060915
2227,waterloo,canada,38.3403,-90.1538,804,CA,canadian hiphop,10,0.692678799,6.926787987
1151,lilyfield new south wales,australia,-31.445,152.9187,977,AU,"australian underground hiphop, australian hiphop",11,0.629157467,6.920732137
1612,portsmouth,united kingdom,50.8003,-1.08,807,GB,uk hiphop,10,0.691568687,6.915686872
1848,scarborough western australia,australia,-29.2828,114.9166,983,AU,"australian underground hiphop, australian hiphop",11,0.626972893,6.896701825
1025,kew victoria,australia,-38.0996,145.2834,612,AU,"australian underground hiphop, australian hiphop",9,0.764329522,6.878965697
1015,kelvin grove queensland,australia,-16.8878,145.7633,988,AU,"australian hiphop, australian underground hiphop",11,0.625153383,6.876687217
1316,minneapolis minnesota,united states,44.9635,-93.2678,47,US,"abstract hiphop, minnesota hiphop",7,0.98153681,6.870757671
103,ashfield new south wales,australia,-31.445,152.9187,821,AU,"australian underground hiphop, australian hiphop",10,0.686392098,6.863920978
1929,st. petersburg florida,united states,59.939,30.316,625,US,southern hiphop,9,0.759441428,6.834972849
736,gloucester,united kingdom,51.8333,-2.25,832,GB,uk hiphop,10,0.682329335,6.823293348
609,elizabeth new jersey,united states,39.3167,-74.6066,387,US,"southern hiphop, hiphop",8,0.849739081,6.797912645
2009,tarragindi queensland,australia,-16.8878,145.7633,1009,AU,"australian hiphop, australian underground hiphop",11,0.617521096,6.792732052
1108,las vegas nevada,united states,35.6011,-105.2206,78,US,latin hiphop,7,0.969390499,6.785733493
1755,sacramento california,united states,38.5667,-121.4683,87,US,"southern hiphop, bay area hiphop",7,0.965868882,6.761082177
575,dudley,united kingdom,52.5,-2.0833,1565,GB,"uk hiphop, uk alternative hiphop",16,0.421611004,6.745776061
870,homebush new south wales,australia,-31.445,152.9187,1022,AU,"australian underground hiphop, australian hiphop",11,0.612804201,6.740846206
579,dulwich,united kingdom,51.0167,-1.3167,1494,GB,"uk alternative hiphop, uk hiphop",15,0.445914612,6.688719182
1693,richmond hill new york,united states,45.1226,-92.5338,869,US,"southern hiphop, hiphop",10,0.66869333,6.686933303
229,blacktown new south wales,australia,-31.445,152.9187,920,AU,"australian underground hiphop, australian hiphop",10,0.649973599,6.499735995
177,beckton,united kingdom,51.0167,-1.3167,1614,GB,"uk hiphop, uk alternative hiphop",16,0.404972488,6.479559815
732,glen iris victoria,australia,-38.0996,145.2834,934,AU,"australian underground hiphop, australian hiphop",10,0.644850423,6.448504227
436,citrus heights california,united states,38.6948,-121.288,946,US,"southern hiphop, hiphop, underground hiphop",10,0.640464519,6.40464519
926,ipswich queensland,australia,52.0703,1.17,518,AU,"australian hiphop, australian underground hiphop",8,0.799828057,6.398624453
138,balcatta western australia,australia,-29.2828,114.9166,1244,AU,"australian underground hiphop, australian hiphop",12,0.533213932,6.398567179
486,corpus christi texas,united states,27.7173,-97.3822,792,US,southern hiphop,9,0.697122208,6.274099868
139,balham,united kingdom,51.0167,-1.3167,982,GB,uk hiphop,10,0.627336901,6.273369008
477,coorparoo queensland,australia,-16.8878,145.7633,801,AU,"australian hiphop, australian underground hiphop",9,0.693789207,6.244102861
1189,loughborough,united kingdom,51.0167,-1.3167,991,GB,uk hiphop,10,0.624062101,6.240621008
1968,swansea,united kingdom,51.63,-3.95,808,GB,uk hiphop,9,0.691198716,6.220788444
1604,poole,united kingdom,50.7167,-2,1163,GB,"uk alternative hiphop, uk hiphop",11,0.562039027,6.182429293
1439,north lakes queensland,australia,40.8439,-111.9188,1170,AU,"australian underground hiphop, australian hiphop",11,0.559538033,6.154918364
1733,rotherham,united kingdom,53.4333,-1.35,1023,GB,uk hiphop,10,0.612441612,6.124416124
756,greenacre new south wales,australia,-31.445,152.9187,1028,AU,"australian hiphop, australian underground hiphop",10,0.610629209,6.106292085
266,brampton,canada,48.4462,-89.275,336,CA,"desi hiphop, canadian hiphop",7,0.869304654,6.085132579
702,gatineau,canada,48.4462,-89.275,631,CA,"hiphop quebecois, canadian hiphop",8,0.75718715,6.057497196
1927,st. catharines,canada,51.3837,-55.6,1047,CA,canadian hiphop,10,0.603750262,6.037502616
1145,lidcombe new south wales,australia,-31.445,152.9187,1052,AU,"australian underground hiphop, australian hiphop",10,0.601942175,6.019421754
415,cheltenham,united kingdom,51.0167,-1.3167,1061,GB,uk hiphop,10,0.598689901,5.986899013
593,eastbourne,united kingdom,51.0167,-1.3167,1453,GB,"uk alternative hiphop, uk hiphop",13,0.46005112,5.980664557
1786,san francisco california,united states,37.7562,-122.443,24,US,"bay area hiphop, southern hiphop",6,0.990564823,5.943388938
899,hyattsville maryland,united states,38.776,-76.0702,390,US,"southern hiphop, hiphop",7,0.848590483,5.94013338
1228,maidstone,united kingdom,51.2667,0.5167,1084,GB,uk hiphop,10,0.590391925,5.903919252
581,duncanville texas,united states,29.4128,-94.9658,1091,US,southern hiphop,10,0.587870295,5.878702951
1782,san antonio texas,united states,29.4722,-98.5247,53,US,southern hiphop,6,0.979183946,5.875103674
2264,worcester,united kingdom,52.2,-2.2,1092,GB,uk hiphop,10,0.587510209,5.875102092
141,balmain new south wales,australia,-31.445,152.9187,424,AU,"australian underground hiphop, australian hiphop",7,0.835591203,5.849138418
1392,nepean,canada,48.4462,-89.275,1121,CA,canadian hiphop,10,0.577083778,5.770837775
295,brunswick victoria,australia,-38.0996,145.2834,1122,AU,"australian underground hiphop, australian hiphop",10,0.576724802,5.767248015
2239,whitby,canada,48.4462,-89.275,1270,CA,"canadian hiphop, underground hiphop",11,0.524015575,5.764171326
895,huntingdon,united kingdom,40.5,-78.0098,1749,GB,"uk alternative hiphop, uk hiphop",16,0.359726928,5.755630844
1405,newmarket,canada,48.4462,-89.275,1132,CA,canadian hiphop,10,0.573137092,5.731370925
1160,lincoln,united kingdom,53.2333,-0.5333,956,GB,uk hiphop,9,0.636813418,5.731320761
1775,salisbury south australia,australia,-30.8996,135.3,1283,AU,"australian hiphop, australian underground hiphop",11,0.51942644,5.713690837
2158,verdun,canada,48.4462,-89.275,962,CA,hiphop quebecois,9,0.634624429,5.711619865
14,acton,united kingdom,51.0167,-1.3167,1411,GB,"uk hiphop, uk alternative hiphop",12,0.474607872,5.695294461
1944,stockton-on-tees,united kingdom,54.5833,-1.4167,1146,GB,uk hiphop,10,0.568120585,5.681205851
349,camden,united kingdom,51.5457,-0.1403,1153,GB,uk hiphop,10,0.565615093,5.656150931
806,hampstead,united kingdom,39.6109,-76.8552,1161,GB,uk hiphop,10,0.562753937,5.627539374
1964,surrey,canada,48.4462,-89.275,166,CA,"desi hiphop, canadian hiphop",6,0.93504928,5.610295679
807,hampton virginia,united states,47.5172,-92.5121,514,US,latin hiphop,7,0.801344558,5.609411905
1771,sale,united kingdom,-38.1096,147.06,1780,GB,"manchester hiphop, uk hiphop, uk alternative hiphop",16,0.349465782,5.591452509
1596,plympton south australia,australia,-30.8996,135.3,1318,AU,"australian underground hiphop, australian hiphop",11,0.507104726,5.578151986
171,bath,united kingdom,51.3837,-2.35,1176,GB,uk hiphop,10,0.557395806,5.57395806
887,huddersfield,united kingdom,53.65,-1.7833,1186,GB,uk hiphop,10,0.553828477,5.538284766
642,exeter,united kingdom,50.7004,-3.53,1015,GB,uk hiphop,9,0.615343318,5.538089863
1347,moorooka queensland,australia,-16.8878,145.7633,1338,AU,"australian underground hiphop, australian hiphop",11,0.50008601,5.500946109
1500,oshawa,canada,43.88,-78.85,824,CA,canadian hiphop,8,0.685283673,5.482269384
730,gladesville new south wales,australia,-31.445,152.9187,1033,AU,"australian hiphop, australian underground hiphop",9,0.608817701,5.479359307
672,fort worth texas,united states,32.7814,-97.3473,240,US,southern hiphop,6,0.906332966,5.437997794
1652,québec,canada,46.84,-71.2456,244,CA,hiphop quebecois,6,0.904785002,5.42871001
777,guildford,united kingdom,51.0167,-1.3167,1220,GB,uk hiphop,10,0.541728271,5.417282709
301,buderim queensland,australia,-16.8878,145.7633,1231,AU,"australian underground hiphop, australian hiphop",10,0.537823075,5.378230753
290,brownsville texas,united states,25.998,-97.4565,1066,US,"southern hiphop, underground hiphop",9,0.596884353,5.371959176
2267,worthing,united kingdom,51.0167,-1.3167,1235,GB,uk hiphop,10,0.536404173,5.364041733
1406,newport,united kingdom,50.7,-1.3,1236,GB,uk hiphop,10,0.536049545,5.360495454
481,coquitlam,canada,48.4462,-89.275,1073,CA,canadian hiphop,9,0.594358114,5.349223026
1896,solihull,united kingdom,52.4167,-1.7833,1379,GB,"uk hiphop, uk alternative hiphop",11,0.48574902,5.343239215
659,finchley,united kingdom,51.0167,-1.3167,1760,GB,"uk hiphop, uk alternative hiphop",15,0.356080216,5.341203245
928,irving texas,united states,29.4128,-94.9658,293,US,southern hiphop,6,0.885858409,5.315150455
805,hammersmith,united kingdom,51.5,-0.2333,1255,GB,uk hiphop,10,0.529319065,5.293190645
1307,middlesbrough,united kingdom,54.5804,-1.23,1093,GB,uk hiphop,9,0.58715016,5.28435144
1014,kellyville new south wales,australia,-31.445,152.9187,1107,AU,"australian hiphop, australian underground hiphop",9,0.582113342,5.239020079
580,dulwich hill new south wales,australia,-31.445,152.9187,666,AU,"australian underground hiphop, australian hiphop",7,0.744059548,5.208416836
1742,royal tunbridge wells,united kingdom,52.2333,-3.3833,1289,GB,uk hiphop,10,0.517310651,5.173106506
167,basildon,united kingdom,51.0167,-1.3167,1290,GB,uk hiphop,10,0.516958159,5.169581591
1255,mansfield,united kingdom,32.569,-97.1211,1134,GB,uk hiphop,9,0.572419999,5.15177999
824,hayward california,united states,40.0692,-79.9152,373,US,"hiphop, southern hiphop",6,0.855102622,5.130615733
2001,tamworth,united kingdom,-31.1026,150.9171,1869,GB,"uk alternative hiphop, manchester hiphop, uk hiphop",16,0.320287559,5.124600948
1442,northcote victoria,australia,-38.0996,145.2834,1304,AU,"australian hiphop, australian underground hiphop",10,0.512027492,5.120274921
649,farnborough,united kingdom,51.0167,-1.3167,1734,GB,"uk hiphop, uk alternative hiphop",14,0.364709654,5.105935162
1684,repentigny,canada,48.4462,-89.275,1735,CA,"french hiphop, hiphop quebecois",14,0.364377118,5.101279648
104,ashford,united kingdom,51.0167,-1.3167,1314,GB,uk hiphop,10,0.508510421,5.085104214
1629,prospect south australia,australia,-30.8996,135.3,1447,AU,"australian underground hiphop, australian hiphop",11,0.462126017,5.08338619
560,doncaster,united kingdom,53.5333,-1.1167,1156,GB,uk hiphop,9,0.564541876,5.080876887
453,coburg victoria,australia,-38.0996,145.2834,1164,AU,"australian underground hiphop, australian hiphop",9,0.561681628,5.055134653
199,bermondsey,united kingdom,51.0167,-1.3167,1323,GB,uk hiphop,10,0.50534852,5.053485197
388,catford,united kingdom,51.45,-0.0167,1748,GB,"uk hiphop, uk alternative hiphop",14,0.360058754,5.040822551
1763,saint-jerome,canada,45.267,-66.0767,1459,CA,"french hiphop, hiphop quebecois",11,0.457977781,5.037755589
1104,laredo texas,united states,27.5616,-99.487,733,US,latin hiphop,7,0.719037322,5.033261255
437,city of westminster,united kingdom,51.5,-0.1167,1329,GB,uk hiphop,10,0.503242414,5.032424143
312,burton-on-trent,united kingdom,53.0004,-2.18,1825,GB,"manchester hiphop, uk hiphop",15,0.334659763,5.019896446
414,chelsea,united kingdom,51.5047,-0.1998,1348,GB,uk hiphop,10,0.496582785,4.965827848
1293,merrylands new south wales,australia,-31.445,152.9187,1350,AU,"australian hiphop, australian underground hiphop",10,0.495882633,4.958826329
574,dublin,ireland,53.3331,-6.2489,30,IE,irish hiphop,5,0.988208362,4.941041808
96,arlington virginia,united states,38.7719,-77.445,63,US,southern hiphop,5,0.975264599,4.876322993
1946,stoney creek,canada,16.97,-88.22,1377,CA,canadian hiphop,10,0.486446768,4.864467677
335,cairns queensland,australia,-16.8878,145.7633,1513,AU,"australian hiphop, australian underground hiphop",11,0.439388649,4.833275144
557,docklands victoria,australia,-38.0996,145.2834,818,AU,"australian hiphop, australian underground hiphop",7,0.687500821,4.812505747
1741,royal leamington spa,united kingdom,32.3579,-80.7047,1392,GB,uk hiphop,10,0.481217735,4.812177346
2050,toowong queensland,australia,-16.8878,145.7633,1527,AU,"australian underground hiphop, australian hiphop",11,0.434590348,4.780493829
160,barnsley,united kingdom,53.55,-1.4833,1264,GB,uk hiphop,9,0.526135903,4.735223123
2250,windsor,canada,44.9806,-64.1291,548,CA,canadian hiphop,6,0.78846961,4.730817663
1717,rochedale queensland,australia,-16.8878,145.7633,1550,AU,"australian hiphop, australian underground hiphop",11,0.426726588,4.693992473
1098,lane cove new south wales,australia,-31.445,152.9187,1101,AU,"australian hiphop, australian underground hiphop",8,0.584271093,4.674168741
279,bridgend,united kingdom,51.5058,-3.5772,1287,GB,uk hiphop,9,0.518015754,4.662141783
501,croydon new south wales,australia,-31.445,152.9187,1288,AU,"australian hiphop, australian underground hiphop",9,0.517663182,4.658968639
1868,sherbrooke,canada,45.4,-71.9,888,CA,hiphop quebecois,7,0.661708968,4.631962773
345,camberwell victoria,australia,-38.0996,145.2834,1452,AU,"australian hiphop, australian underground hiphop",10,0.460396828,4.603968279
2019,telford,united kingdom,52.6333,-2.5,1458,GB,uk hiphop,10,0.458323229,4.583232289
655,federal way washington,united states,38.9047,-77.0163,217,US,southern hiphop,5,0.915242297,4.576211483
226,blackburn,united kingdom,53.75,-2.4833,1462,GB,uk hiphop,10,0.456941697,4.569416973
79,annerley queensland,australia,-16.8878,145.7633,1694,AU,"australian underground hiphop, australian hiphop",12,0.378052244,4.536626928
950,jackson michigan,united states,43.3244,-88.1668,641,US,southern hiphop,6,0.753432505,4.520595029
1989,tacoma washington,united states,38.9047,-77.0163,249,US,southern hiphop,5,0.902850667,4.514253337
2012,taunton,united kingdom,51.0211,-3.1047,1339,GB,uk hiphop,9,0.499735503,4.497619526
1109,launceston tasmania,australia,-41.4498,147.1302,1340,AU,"australian underground hiphop, australian hiphop",9,0.499385037,4.49446533
1761,saint-eustache,canada,45.267,-66.0767,1487,CA,hiphop quebecois,10,0.448322945,4.483229449
2268,wrexham,united kingdom,53.05,-3,1349,GB,uk hiphop,9,0.496232688,4.466094195
346,cambridge,canada,69.117,-105.0333,1174,CA,canadian hiphop,8,0.55810973,4.464877836
267,brandon mississippi,united states,32.2778,-89.9896,1493,US,southern hiphop,10,0.446258527,4.462585273
1020,kent washington,united states,38.9047,-77.0163,276,US,southern hiphop,5,0.892417218,4.46208609
2074,trois-rivières,canada,46.35,-72.5499,1175,CA,hiphop quebecois,8,0.557752749,4.46202199
1794,san leandro california,united states,37.7071,-122.1601,280,US,southern hiphop,5,0.890873244,4.454366219
753,grays,united kingdom,51.4833,0.3333,1878,GB,"uk hiphop, uk alternative hiphop",14,0.317360833,4.443051656
151,bankstown new south wales,australia,-31.445,152.9187,678,AU,australian hiphop,6,0.739567494,4.437404963
731,glebe new south wales,australia,-31.445,152.9187,1362,AU,"australian hiphop, australian underground hiphop",9,0.491685186,4.425166673
49,allen park michigan,united states,42.2595,-83.2107,685,US,southern hiphop,6,0.736949226,4.421695354
1295,mesa arizona,united states,33.4017,-111.7181,297,US,southern hiphop,5,0.884316333,4.421581666
2249,wimbledon,united kingdom,51.0167,-1.3167,1508,GB,uk hiphop,10,0.441104452,4.411044522
126,aylesbury,united kingdom,51.8167,-0.8,1511,GB,uk hiphop,10,0.440074837,4.400748368
1940,stevenage,united kingdom,51.0167,-1.3167,1635,GB,"uk alternative hiphop, uk hiphop",11,0.397876163,4.376637788
1911,south yarra victoria,australia,-38.0996,145.2834,322,AU,australian hiphop,5,0.874688531,4.373442654
775,guelph,canada,48.4462,-89.275,325,CA,canadian hiphop,5,0.873534377,4.367671884
1456,nuneaton,united kingdom,51.0167,-1.3167,1822,GB,"uk alternative hiphop, uk hiphop, manchester hiphop",13,0.335643494,4.363365418
228,blackpool,united kingdom,53.8304,-3.05,1383,GB,uk hiphop,9,0.484354024,4.35918622
1434,norfolk virginia,united states,47.5172,-92.5121,343,US,latin hiphop,5,0.866614796,4.333073981
1408,newstead queensland,australia,-16.8878,145.7633,1534,AU,"australian underground hiphop, australian hiphop",10,0.432194498,4.321944985
355,campsie new south wales,australia,-31.445,152.9187,735,AU,australian hiphop,6,0.718292592,4.30975555
2194,visalia california,united states,40.0692,-79.9152,1238,US,"southern hiphop, underground hiphop",8,0.535340407,4.282723256
1870,shrewsbury,united kingdom,52.7167,-2.7333,1413,GB,uk hiphop,9,0.473912985,4.265216862
2240,whitmore lake michigan,united states,41.7098,-86.8705,764,US,southern hiphop,6,0.707508504,4.245051022
497,crewe,united kingdom,51.0167,-1.3167,1559,GB,uk hiphop,10,0.423656003,4.236560034
853,high wycombe,united kingdom,35.9902,-79.9938,1560,GB,uk hiphop,10,0.423315056,4.233150556
765,grimsby,united kingdom,53.5333,-0.05,1428,GB,uk hiphop,9,0.468706755,4.218360795
1249,mandurah western australia,australia,-29.2828,114.9166,1680,AU,"australian hiphop, australian underground hiphop",11,0.3827409,4.210149896
313,burwood new south wales,australia,-31.445,152.9187,1056,AU,"australian underground hiphop, australian hiphop",7,0.600496358,4.203474504
2216,wakefield,united kingdom,53.7,-1.4833,1434,GB,uk hiphop,9,0.466626953,4.199642576
1529,palmdale california,united states,40.0692,-79.9152,1059,US,"southern hiphop, hiphop",7,0.599412375,4.195886625
137,bakersfield california,united states,40.0692,-79.9152,418,US,southern hiphop,5,0.83788276,4.189413801
1915,southend-on-sea,united kingdom,51.55,0.72,1573,GB,uk hiphop,10,0.418886908,4.188869081
342,caloundra queensland,australia,-26.8,153.1333,1691,AU,"australian hiphop, australian underground hiphop",11,0.379056144,4.169617589
1957,sumrall mississippi,united states,31.2564,-89.8266,434,US,southern hiphop,5,0.831774267,4.158871336
2220,wandsworth,united kingdom,51.45,-0.2,1449,GB,uk hiphop,9,0.461434212,4.152907907
2114,uxbridge,united kingdom,51.55,-0.4833,2059,GB,"uk hiphop, uk alternative hiphop",16,0.259494751,4.151916023
268,brantford,canada,48.4462,-89.275,1077,CA,canadian hiphop,7,0.592915352,4.150407461
721,gilbert arizona,united states,33.3103,-111.7463,450,US,underground hiphop,5,0.825673242,4.128366209
1664,rancho cordova california,united states,38.5739,-121.2521,455,US,southern hiphop,5,0.823768209,4.118841043
411,chatham,united kingdom,40.7405,-74.3838,1624,GB,uk hiphop,10,0.401590678,4.015906783
1350,morphett vale south australia,australia,-30.8996,135.3,1737,AU,"australian underground hiphop, australian hiphop",11,0.363712196,4.000834156
748,granby,canada,48.4462,-89.275,1832,CA,"hiphop quebecois, french hiphop",12,0.332366267,3.988395199
882,houston texas,united states,29.7868,-95.3905,8,US,southern hiphop,4,0.996853285,3.987413141
89,applecross western australia,australia,-29.2828,114.9166,1643,AU,"australian underground hiphop, australian hiphop",10,0.395178319,3.951783192
1924,st helens,united kingdom,53.45,-2.7333,1524,GB,uk hiphop,9,0.435617816,3.920560342
751,gravesend,united kingdom,51.0167,-1.3167,1653,GB,uk hiphop,10,0.391810328,3.918103284
1734,rotherhithe,united kingdom,51.0167,-1.3167,1655,GB,uk hiphop,10,0.391137308,3.911373076
1916,southport queensland,australia,53.6667,-3,1529,AU,"australian underground hiphop, australian hiphop",9,0.433905594,3.90515035
1094,lancaster,united kingdom,32.5922,-96.7737,1373,GB,uk hiphop,8,0.487842764,3.902742114
1090,lakemba new south wales,australia,-31.445,152.9187,927,AU,australian hiphop,6,0.647411166,3.884466999
1956,summer hill new south wales,australia,-31.445,152.9187,1770,AU,"australian underground hiphop, australian hiphop",11,0.352770415,3.880474568
356,canberra australian capital territory,australia,-35.283,149.129,584,AU,australian hiphop,5,0.774875411,3.874377053
2051,toowoomba queensland,australia,-27.5645,151.9555,1773,AU,"australian underground hiphop, australian hiphop",11,0.351778481,3.869563293
32,akron ohio,united states,41.0802,-81.5219,591,US,southern hiphop,5,0.772236682,3.861183411
1943,stockton california,united states,37.9766,-121.3112,593,US,southern hiphop,5,0.771483035,3.857415177
1718,rochester,united kingdom,51.3833,0.5167,1672,GB,uk hiphop,10,0.385424443,3.854244434
813,harlow,united kingdom,51.0167,-1.3167,1676,GB,uk hiphop,10,0.384082281,3.840822809
893,hull,united kingdom,53.7504,-0.33,606,GB,uk hiphop,5,0.766587326,3.832936629
467,columbus georgia,united states,43.3354,-89.03,608,US,southern hiphop,5,0.765834601,3.829173006
281,bridgwater,united kingdom,51.0167,-1.3167,1557,GB,uk hiphop,9,0.424338036,3.819042325
517,daly city california,united states,35.1578,-117.872,616,US,"southern hiphop, hiphop",5,0.762824936,3.814124682
624,epsom,united kingdom,51.0167,-1.3167,1684,GB,uk hiphop,10,0.381400301,3.814003015
315,bury,united kingdom,53.6,-2.3,1797,GB,"manchester hiphop, uk hiphop",11,0.343859857,3.782458425
472,concord north carolina,united states,35.289,-81.5416,976,US,"underground hiphop, southern hiphop",6,0.629521686,3.777130114
1694,richmond victoria,australia,-33.5995,150.74,229,AU,australian hiphop,4,0.910592138,3.642368551
1314,milwaukee wisconsin,united states,43.064,-87.9669,236,US,southern hiphop,4,0.90788137,3.631525481
546,dewsbury,united kingdom,51.0167,-1.3167,2164,GB,"manchester hiphop, uk hiphop",16,0.226861427,3.629782828
2081,tucson arizona,united states,32.1546,-110.8782,254,US,"southern hiphop, underground hiphop",4,0.900917023,3.603668094
1221,madison mississippi,united states,43.0808,-89.3922,1629,US,southern hiphop,9,0.399901549,3.599113941
1400,new malden,united kingdom,42.4305,-71.0576,1761,GB,uk hiphop,10,0.355749005,3.557490046
389,caulfield south victoria,australia,-38.0996,145.2834,755,AU,australian hiphop,5,0.710852378,3.55426189
1688,rhodes new south wales,australia,-31.445,152.9187,1764,AU,"australian hiphop, australian underground hiphop",10,0.354755678,3.547556779
424,chicoutimi,canada,48.4333,-71.0667,1952,CA,"hiphop quebecois, french hiphop",12,0.293469519,3.521634233
484,corona new york,united states,40.6943,-73.9249,1102,US,"southern hiphop, hiphop",6,0.583911375,3.503468251
1783,san bernardino california,united states,34.1412,-117.2936,817,US,"hiphop, southern hiphop",5,0.687870462,3.439352308
358,cannock,united kingdom,51.0167,-1.3167,1690,GB,uk hiphop,9,0.379390876,3.414517888
803,hamilton queensland,australia,-37.7312,142.0234,1903,AU,"australian underground hiphop, australian hiphop",11,0.30925469,3.401801587
304,bulimba queensland,australia,-16.8878,145.7633,1812,AU,"australian hiphop, australian underground hiphop",10,0.338926063,3.389260627
1963,surbiton,united kingdom,51.0167,-1.3167,1815,GB,uk hiphop,10,0.337940733,3.379407331
2222,warrington,united kingdom,53.3833,-2.6,1162,GB,uk hiphop,6,0.562396463,3.374378779
591,east malvern victoria,australia,34.3689,-92.8187,1819,AU,"australian underground hiphop, australian hiphop",10,0.336627705,3.36627705
2243,wigan,united kingdom,53.5333,-2.6167,863,GB,uk hiphop,5,0.670901453,3.354507265
1359,mount waverley victoria,australia,-28.0662,117.8167,1823,AU,"australian underground hiphop, australian hiphop",10,0.33531553,3.3531553
70,andover,united kingdom,45.2571,-93.3265,1717,GB,uk hiphop,9,0.370370487,3.333334379
955,jamaica new york,united states,40.6943,-73.9249,1412,US,"hiphop, southern hiphop",7,0.474260407,3.319822849
418,chester,united kingdom,53.2,-2.92,1196,GB,uk hiphop,6,0.550264973,3.301589836
1319,mitcham,united kingdom,51.0167,-1.3167,1861,GB,uk hiphop,10,0.322892843,3.228928426
1950,stroud,united kingdom,51.0167,-1.3167,1755,GB,uk hiphop,9,0.357737045,3.219633402
584,dunstable,united kingdom,51.0167,-1.3167,2155,GB,"uk alternative hiphop, uk hiphop",14,0.229629582,3.214814147
401,chambly,canada,48.4462,-89.275,1871,CA,hiphop quebecois,10,0.319636789,3.196367888
1828,santa rosa california,united states,38.4465,-122.706,950,US,southern hiphop,5,0.639003661,3.195018306
796,halifax,united kingdom,53.7167,-1.85,1765,GB,uk hiphop,9,0.354424672,3.189822047
2228,waterlooville,united kingdom,51.0167,-1.3167,1767,GB,uk hiphop,9,0.353762814,3.18386533
2134,vancouver washington,united states,38.9047,-77.0163,530,US,underground hiphop,4,0.79528143,3.18112572
1864,seven hills new south wales,australia,-31.445,152.9187,1474,AU,"australian hiphop, australian underground hiphop",7,0.452801283,3.16960898
1691,richmond,canada,37.5295,-77.4756,538,CA,canadian hiphop,4,0.792252749,3.169010996
419,chesterfield,united kingdom,38.6588,-90.5805,1778,GB,uk hiphop,9,0.350126294,3.151136642
1227,maidenhead,united kingdom,51.5167,-0.7,1888,GB,uk hiphop,10,0.314114183,3.141141831
383,castle hill new south wales,australia,-31.445,152.9187,1785,AU,"australian underground hiphop, australian hiphop",9,0.347815413,3.130338718
1932,stafford,united kingdom,52.8,-2.1,1787,GB,uk hiphop,9,0.34715563,3.124400674
860,hobart tasmania,australia,-42.85,147.295,993,AU,australian hiphop,5,0.623334756,3.116673778
1409,newtown new south wales,australia,-31.445,152.9187,995,AU,australian hiphop,5,0.622607552,3.11303776
1673,redditch,united kingdom,51.0167,-1.3167,1904,GB,uk hiphop,10,0.308931173,3.089311734
701,gateshead,united kingdom,54.945,-1.6175,1302,GB,uk hiphop,6,0.512731391,3.076388343
164,barrow in furness,united kingdom,23.6939,5.1647,1809,GB,uk hiphop,9,0.33991187,3.059206829
819,hattiesburg mississippi,united states,31.3072,-89.3168,1316,US,southern hiphop,6,0.507807493,3.046844956
1300,metairie louisiana,united states,30.2233,-92.6582,1038,US,southern hiphop,5,0.607007091,3.035035455
1498,orpington,united kingdom,51.0167,-1.3167,1926,GB,uk hiphop,10,0.301828167,3.01828167
594,eastwood new south wales,australia,-31.445,152.9187,1697,AU,"australian hiphop, australian underground hiphop",8,0.377048788,3.016390301
2251,windsor,united kingdom,51.5167,-0.7,1927,GB,uk hiphop,10,0.301505959,3.015059592
208,bexleyheath,united kingdom,51.45,0.15,1938,GB,uk hiphop,10,0.297965469,2.979654694
499,cricklewood,united kingdom,51.0167,-1.3167,1939,GB,uk hiphop,10,0.297643953,2.976439528
187,bentley western australia,australia,-29.2828,114.9166,2026,AU,"australian underground hiphop, australian hiphop",11,0.269898295,2.968881243
668,footscray victoria,australia,-38.0996,145.2834,1844,AU,"australian hiphop, australian underground hiphop",9,0.328440695,2.955966253
448,cleveland ohio,united states,30.3368,-95.0924,43,US,southern hiphop,3,0.983105909,2.949317727
570,drummondville,canada,45.8833,-72.4834,1745,CA,hiphop quebecois,8,0.361054537,2.888436297
991,kansas city missouri,united states,39.1239,-94.5541,103,US,southern hiphop,3,0.959613515,2.878840545
366,carlisle,united kingdom,54.88,-2.93,1400,GB,uk hiphop,6,0.478432778,2.870596667
1925,st louis missouri,united states,29.5635,-95.5377,164,US,southern hiphop,3,0.935827461,2.807482382
1672,redbank queensland,australia,-16.8878,145.7633,1632,AU,"australian hiphop, australian underground hiphop",7,0.398888642,2.792220491
1440,north shields,united kingdom,54.9878,-1.4214,1444,GB,uk hiphop,6,0.463164049,2.778984294
1697,ridgeland mississippi,united states,32.4236,-90.1481,1639,US,southern hiphop,7,0.396526858,2.775688009
1029,kingston,canada,44.2337,-76.4833,820,CA,canadian hiphop,4,0.686761639,2.747046556
1297,mesquite texas,united states,32.7622,-96.5889,245,US,southern hiphop,3,0.90439808,2.713194239
1695,richmond virginia,united states,37.5295,-77.4756,274,US,southern hiphop,3,0.893189372,2.679568117
1324,modesto california,united states,40.0692,-79.9152,876,US,southern hiphop,4,0.666118723,2.66447489
1404,newcastle upon tyne,united kingdom,55.0004,-1.6,292,GB,uk hiphop,3,0.886243998,2.658731994
2169,victoriaville,canada,46.0504,-71.9667,2048,CA,hiphop quebecois,10,0.262955015,2.629550154
598,edgware,united kingdom,51.0167,-1.3167,2054,GB,uk hiphop,10,0.261066652,2.610666515
254,boucherville,canada,48.4462,-89.275,1985,CA,hiphop quebecois,9,0.282917442,2.546256974
446,clayton victoria,australia,-38.0996,145.2834,1558,AU,australian hiphop,6,0.423996997,2.543981981
1180,long beach california,united states,40.5887,-73.666,393,US,hiphop,3,0.847442144,2.542326432
1965,surry hills new south wales,australia,-31.445,152.9187,409,AU,australian hiphop,3,0.841322056,2.523966167
1914,southbank victoria,australia,-38.0996,145.2834,1325,AU,australian hiphop,5,0.504646322,2.523231608
1910,south benfleet,united kingdom,54.5667,-1.15,2089,GB,uk hiphop,10,0.250096871,2.500968709
1354,mosman new south wales,australia,-31.445,152.9187,1343,AU,australian hiphop,5,0.498333884,2.491669422
1627,preston victoria,australia,-38.0996,145.2834,1356,AU,australian hiphop,5,0.493783166,2.46891583
1351,morton mississippi,united states,40.6137,-89.4668,1019,US,southern hiphop,4,0.61389218,2.455568718
1640,pyrmont new south wales,australia,-31.445,152.9187,1385,AU,australian hiphop,5,0.483656778,2.418283889
1852,scunthorpe,united kingdom,53.5833,-0.65,2030,GB,uk hiphop,9,0.268633641,2.417702771
1972,syracuse new york,united states,40.6943,-73.9249,509,US,southern hiphop,3,0.803240857,2.409722571
2233,wellingborough,united kingdom,51.0167,-1.3167,2148,GB,uk hiphop,10,0.231786447,2.317864467
587,durham,united kingdom,54.7667,-1.5667,1135,GB,uk hiphop,4,0.572061508,2.288246033
706,geelong victoria,australia,-38.1675,144.3956,1485,AU,australian hiphop,5,0.449011437,2.245057184
245,bondi new south wales,australia,-31.445,152.9187,1714,AU,"australian underground hiphop, australian hiphop",6,0.371370962,2.228225771
1469,oceanside california,united states,40.0692,-79.9152,786,US,"underground hiphop, southern hiphop",3,0.699345685,2.098037056
1644,queanbeyan new south wales,australia,-31.445,152.9187,1855,AU,australian hiphop,6,0.324849108,1.94909465
1566,perris california,united states,40.0692,-79.9152,1394,US,underground hiphop,4,0.480521243,1.922084972
733,glen waverley victoria,australia,-38.0996,145.2834,1682,AU,australian hiphop,5,0.382070503,1.910352513
543,detroit michigan,united states,42.3834,-83.1024,121,US,southern hiphop,2,0.952584343,1.905168685
144,baltimore maryland,united states,39.3051,-76.6144,156,US,southern hiphop,2,0.938941263,1.877882525
433,cincinnati ohio,united states,39.1412,-84.5059,182,US,southern hiphop,2,0.928827722,1.857655445
1155,limerick,ireland,52.6647,-8.6231,1021,IE,uk hiphop,3,0.613166824,1.839500473
755,greater sudbury,canada,46.5,-80.9666,1064,CA,canadian hiphop,3,0.597606463,1.79281939
280,bridgeview illinois,united states,41.7402,-87.8067,375,US,southern hiphop,2,0.854336058,1.708672116
1259,maple ridge,canada,41.4094,-81.5625,1158,CA,canadian hiphop,3,0.563826587,1.691479762
686,fresno california,united states,40.0692,-79.9152,410,US,southern hiphop,2,0.840939796,1.681879591
1959,sunderland,united kingdom,54.92,-1.38,1188,GB,uk hiphop,3,0.553115469,1.659346408
327,caboolture queensland,australia,-27.083,152.95,2012,AU,australian hiphop,6,0.274332346,1.645994074
405,chandler arizona,united states,33.2827,-111.8516,463,US,southern hiphop,2,0.820721683,1.641443365
427,chilliwack,canada,49.1666,-121.95,1216,CA,canadian hiphop,3,0.543149508,1.629448524
1399,new farm queensland,australia,-16.8878,145.7633,488,AU,australian hiphop,2,0.811213451,1.622426902
1621,prahran victoria,australia,-38.0996,145.2834,1620,AU,australian hiphop,4,0.402942835,1.61177134
183,belleville,canada,44.1667,-77.3833,1245,CA,canadian hiphop,3,0.532859656,1.598578969
610,elk grove california,united states,38.416,-121.384,698,US,southern hiphop,2,0.732090841,1.464181682
1823,santa maria california,united states,34.9333,-120.4432,1424,US,"underground hiphop, southern hiphop",3,0.470094145,1.410282436
2107,unley south australia,australia,-30.8996,135.3,1995,AU,australian hiphop,5,0.27973264,1.398663201
1519,oxnard california,united states,40.0692,-79.9152,838,US,southern hiphop,2,0.680114979,1.360229958
417,cherry hill new jersey,united states,41.2012,-77.2666,845,US,southern hiphop,2,0.677533082,1.355066164
1849,schenectady new york,united states,40.6943,-73.9249,853,US,southern hiphop,2,0.674584349,1.349168699
1798,san mateo california,united states,37.5522,-122.3122,939,US,southern hiphop,2,0.643022357,1.286044713
1774,salisbury,united kingdom,35.6657,-80.491,1612,GB,uk hiphop,3,0.405649417,1.216948251
2260,wollongong new south wales,australia,-31.445,152.9187,1942,AU,australian hiphop,4,0.296679751,1.186719002
283,brighton victoria,australia,39.9714,-104.7966,1944,AU,australian hiphop,4,0.296037239,1.184148956
2224,washington district of columbia,united states,38.9047,-77.0163,69,US,southern hiphop,1,0.972914249,0.972914249
38,albuquerque new mexico,united states,31.8195,-106.5948,218,US,southern hiphop,1,0.914854633,0.914854633
1660,raleigh north carolina,united states,35.289,-81.5416,238,US,southern hiphop,1,0.907107113,0.907107113
1757,saint lucia queensland,australia,27.2796,-80.3883,1948,AU,australian hiphop,3,0.294752913,0.88425874
1101,langley,canada,48.4462,-89.275,483,CA,canadian hiphop,1,0.813113619,0.813113619
519,darlinghurst new south wales,australia,-31.445,152.9187,2056,AU,australian hiphop,3,0.260437702,0.781313105
176,beaverton oregon,united states,42.9252,-89.3887,650,US,underground hiphop,1,0.750055988,0.750055988
458,collingwood victoria,australia,-38.0996,145.2834,857,AU,australian hiphop,1,0.673110788,0.673110788
1169,livingston,united kingdom,55.8833,-3.5333,1530,GB,uk hiphop,1,0.433563285,0.433563285
